,Datetime,Tweet Id,Text,Username
0,2021-01-01 23:59:28+00:00,1345157728260550656,@acatcalledkeith Leader of a democratic socialism political party!,hants_hippy
1,2021-01-01 23:58:30+00:00,1345157481836777472,@ptrish1969 @caroledwine @ConanOBrien Yeah but that‚Äôs not Communism that Democratic Socialism big difference,BleulerMichael
2,2021-01-01 23:58:17+00:00,1345157429512777729,@Unironic_AnCap My understanding is that it‚Äôs progressive rebranding of ‚Äúdemocratic socialism.‚Äù Not something to be excited for.,AutonomousZone1
3,2021-01-01 23:58:08+00:00,1345157390996537348,"@buttonfly42 While DSA has a more traditionally Marxist view of socialism state/federal governments the 30s-70s were filled with &amp; sometimes dominated by folks with a social democratic governing philosophy that would certainly be labeled ""socialism"" by conservatives, centrists &amp; pundits today",QueensDSA
4,2021-01-01 23:56:13+00:00,1345156907984629761,"@EveradS @pureequinox @NikkiHaley Social democracy is socialism, or democratic-socialism. Remember it was born in Europe, and they mean the same thing in Europe",Rui_Claudino
5,2021-01-01 23:53:58+00:00,1345156342730919936,"@ItsYaBoiYungIan @twit55811 Supercapitalism is just socialism with a different name (believe it or not, socialism was specifically designed to work best in a democratic system)",CarmineSergal
6,2021-01-01 23:51:05+00:00,1345155617107947541,"@AOC You would get more traction if you termed your view of government as ""Social Democracy"" rather than ""Democratic Socialism."" Let Democracy be the primary identifier and Social be the descriptor, rather than vice versa.",rabbriansamuel
7,2021-01-01 23:50:27+00:00,1345155458315653120,@tsinlagat @lucadagruma I don‚Äôt think that‚Äôs contradictory with the article. The author says that the (albeit often forgotten) distinction between social democracy and democratic socialism is that ultimate vision of the latter is an end to global capitalism.,shmez0
8,2021-01-01 23:50:07+00:00,1345155371590176768,@jambamthnkyadan @V1887Vd @AOC Democratic socialism just means the community chooses to elect officials to do the means of regulation.,Individual_1ne
9,2021-01-01 23:48:56+00:00,1345155075946258437,@LindseyGrahamSC Yes. It is. Democratic socialism works.,SherriTelenko
10,2021-01-01 23:47:42+00:00,1345154764858773504,"@DragonGirl1919 @ValentinesNigh2 @Fracking_Cunt Marxism has many perspectives as well, but the common democratic socialism form is quite compatible with anarchism. In fact, I think they complement each other.",JohnnyPistola
11,2021-01-01 23:22:55+00:00,1345148529094737922,@conoroperson ‚ÄúDemocratic Socialism‚Äù,influenzation
12,2021-01-01 23:16:04+00:00,1345146805135278082,"@AOC Socialism is not a dirty word. By conservative logic The Democratic Peoples Republic of North Korea is the only example of what a Democratic Republic could possibly be, and yes they have elections in North Korea",NelanTorrie
13,2021-01-01 23:15:38+00:00,1345146693839450119,"This is great! That said, I wish the left would rebrand as ‚ÄúConscious Capitalists‚Äù rather than ‚ÄúDemocratic Socialists‚Äù That one word instantly turns off tens of millions of Americans who‚Äôd actually agree on policy. In reality not a single democrat is truly proposing socialism https://t.co/BclEwhkzxE",The_Xsport
14,2021-01-01 23:14:34+00:00,1345146425080999938,"@DougSt3v3ns @forshumsangt @markp1950 @manifesto2000 @AndreaAlbion @brbrophy15 @GGreeneJr @HankModerate @CancelWar @incawarrior @DanCady @thezambologist @salmacezanne @Oldguy44303901 @HawkEye02723358 @tomkwill @wisermann @Michael12895273 @YourFriendZippy @wherepond @combatjew @sweposten @AndreaKhne1 @Jhiken5220 @IreadMad @cyanbutterfly @revetje @BanulGrandier @Just_anIsraeli @Coopfromdurham @TheGhostofElec1 @MasalaFry69 @meNabster @Th2shay @Valkyrie_77 @nair_jitin @Sailinangel @zoolooy @weareafreeworld @DJSiri @richard_jlucas @Sitkevicz966 @40_Ronda @LinaSalem20 @ifamericansknew @WizBish @Evie_Calling @CommunityBankCa @publicbanking @HerbWiseman Socialism is 0 if not democratic, opposite of a police state, so what are you saying? You're parroting globalist narratives, like Biden (""I'M NOT A SOCIALIST""--the only honest thing he's ever said). Bolsheviks aside, Dems are neolibs, not socialists. What's your def of socialism?",MsQuitoSwarm
15,2021-01-01 23:13:44+00:00,1345146217672556544,@LindseyGrahamSC Necessary democratic socialism. Just like farm subsidies...and bank bailouts...and infrastructure...and food stamps...and and and. We've been a socialist nation for decades. Embrace it. You most likely already do.,joe_mama_besser
16,2021-01-01 23:12:32+00:00,1345145916739649536,@AOC Isn't it funny that all these GOP and trumpers r all against welfare ssi ssdi ect until they or a family member needs it then democratic socialism is a ok? As long as it's them getting aide and not u.,LindaDa47291003
17,2021-01-01 23:12:28+00:00,1345145900717391872,"@LindseyGrahamSC Wrong Lady-G, it is Socialism. There‚Äôs nothing wrong with Democratic Socialism mixed with well regulated capitalism. Conservatism is evil, leaving people in need to fend for themselves is a hateful philosophy",RafielResists
18,2021-01-01 23:11:37+00:00,1345145685566492678,@AOC The American people would probably be surprised how good a little (Democratic) socialism might feel.  The last time they had a very watered down version of it (the ACA) they realized they actually liked it better than dying from lack of health insurance...  who knew?,Trendar
19,2021-01-01 23:11:29+00:00,1345145651005415426,"@PrimordialRelic @MrBenTweetss @LoganRiddimDion @SujMaPa @PinkWug Remember that most people are of the opinion that triumphant socialism will still use money for most of the foreseeable future. Many don‚Äôt feel like we can or even ought to move past capital at all.

For the now, a more democratic capitalism is smth socialism can deliver.",BrenoColares5
20,2021-01-01 23:09:30+00:00,1345145152260562944,@BreitbartNews This is a billboard for socialism/communism coming to a city close to you if you don‚Äôt stop the leftist Democratic Party in your home town.,dvarga10
21,2021-01-01 23:08:52+00:00,1345144993883824130,"@AOC What you call socialism has pretty much nothing to do with socialism, it is called social-democratic.",V1887Vd
22,2021-01-01 23:07:56+00:00,1345144759468187648,"@nicksSG @SteveWorks4 @Kenny_Sowellfan @realDonaldTrump orwell believed everything except democratic socialism led directly to authoritarianism, while democratic socialism could still lead to authoritarianism. he also believed that capitalism would die in the west soon after he wrote 1984. he was wrong. that doesnt mean that -",JakeHagen02
23,2021-01-01 23:05:45+00:00,1345144209293139975,"@Kanew Here in rural Gibson Co. TN, I don‚Äôt recall letters to the editor in our local papers in 2020 from Democratic Party spokespersons, or advocating the party‚Äôs goals. We see letters/columns endlessly  repeating right wing, boogeyman talking points (radical left, socialism, etc.)",steveshort70
24,2021-01-01 22:57:51+00:00,1345142222103085058,"@TinaMWhite3 @flailer777 @BernieSanders I think you said it well.  Bernie uses the term ""Democratic-socialism"", but he knows that free enterprise (regulated fairly) goes along with that.  The People are more the ""rulers"" with DEMOCRATIC-socialism and the Gov't does not own the means of production...",julieannayoga
25,2021-01-01 22:57:20+00:00,1345142090947149824,"@Br1anna_Coyle Unionized Cooperatives and Democratic Socialism. 
I think there are trolls in the MAGA crowd.",IDJoe4Congress
26,2021-01-01 22:56:10+00:00,1345141795915706371,"@Matilde_Aguirre @marcorubio @HawleyMO Tyranny, lawlessness and fraud are what you‚Äôre hoping for. It‚Äôs about time everyone who supports trump remaining in office illegally, is a supporter of dictatorships &amp; socialism by overthrowing a fairly elected president. You have no respect for the democratic process. #traitors",cleanairbobjon1
27,2021-01-01 22:53:50+00:00,1345141209342169088,@Midwest_Leftist Mfs are calling democratic socialism ‚Äúsuper capitalism‚Äù now :/,TypeONescence
28,2021-01-01 22:52:38+00:00,1345140907922878467,People who complain about democratic socialism don‚Äôt realize we live in corporate socialism.....But some do..... https://t.co/OMty5AiaYt,slap1388
29,2021-01-01 22:52:29+00:00,1345140870836875266,People who complain about democratic socialism don‚Äôt realize we live in corporate socialism.....But some do..... https://t.co/AyuknMIX00,slap1388
30,2021-01-01 22:47:09+00:00,1345139529334677504,@RowanMarxFilms @AltGlasses He just explained democratic socialism and called it super capitalism. Dumbest shit ever,TypeONescence
31,2021-01-01 22:44:56+00:00,1345138969336401921,@SmoothMoxie @RiTeeny @LindseyGrahamSC The meaning of socialism has been lost and can mean ‚Äúbasically communist‚Äù or your basic democratic first world country. There is no evidence that basic government programs lead to authoritarianism or communism. The inverse is true though - desperate ppl destabilize governments,RoseSymotiuk
32,2021-01-01 22:41:47+00:00,1345138176516505600,"@PrivatSkoolOnly @communikatzz @yourcomradetony @DrDooleyMD @remrkblyrandom You're describing a social democracy, not democratic socialism",themasternelson
33,2021-01-01 22:36:52+00:00,1345136937645047810,"@PinkyGirl755 @pablo_honey1 @LindseyGrahamSC Socialism isn't a bad word.

It's redistribution of wealth. Social security, Medicare, Medicaid, food stamps, stimulus payments... All socialism.

I also support them all.

Bernie Sanders supports these programs and call himself a democratic socialist.",CHamiltoChem
34,2021-01-01 22:31:10+00:00,1345135503167770625,"@mamad87369917 @nickyG1992 @swetac @mslissawrites Murdoch media (&amp; even further right fake news sites) influence through:

- pro fossil fuel propaganda

- anti-renewable energy propaganda

- omission of facts/failure to inform on climate, environmental &amp; health crises

- anti-democratic socialism

- anti-intellectualism",Anna98831
35,2021-01-01 22:29:33+00:00,1345135098748956680,"@TheGreenNewDill @Viviancraig @AP LOL, then you need to stop claiming Venezuela, Russia and Cuba are socialist countries. In reality, they are democratic socialist counties. Even the US falls into that category, though not as socialized. Since you oppose socialism, here's a list of programs you should not use.... https://t.co/Ee3s5Gh4i6",bubbabobobfett
36,2021-01-01 22:22:57+00:00,1345133438429523968,@KLoeffler Loeffler invokes President Trump or attacks her Democratic opponents as socialists and Marxists. Her own policy platforms are rarely mentioned....socialism for the rich instead https://t.co/med40mEbUP,connellykirsten
37,2021-01-01 22:15:58+00:00,1345131681074786306,"@ProgressiveDrey @JasonSwineheart @anastasiakeeley @DemSocialists DSA membership already supports it. Won't matter much if leadership sucks. Medicare for All is way more popular than democratic socialism. If DSA wants to be sustainable, they'd lean on M4A and #ForceTheVote, not the other way around.",ShawnGReynolds
38,2021-01-01 22:13:01+00:00,1345130939257597952,"@KPBeachGirl @thehill Anti-Semitism, Democratic socialism, and defunding the police are all good looks.",Crimson__Edge
39,2021-01-01 22:12:03+00:00,1345130695249649664,"@imillhiser Americans should seriously get educated. GOP has managed to make good social programs into a communist threat. Look at democratic socialist nations Sweden, Norway, Finland, Canada, France, etc. where health care &amp; education are prioritized. Irrational socialism scare is stupid.",ViewsPlusNews
40,2021-01-01 22:11:27+00:00,1345130541453074433,Larry Elder SHUTS DOWN Democratic Socialism  | Larry Elder https://t.co/mE3UGZhnQu via @YouTube,jam0000000000
41,2021-01-01 22:10:23+00:00,1345130274041044992,"@pastorlocke @ReverendWarnock Um. MLK-‚ÄúI imagine you already know that I am much more socialistic in my economic theory than capitalistic.‚Äù
‚ÄúThere must be a better distribution of wealth, and maybe America must move toward a democratic socialism.‚Äùü§î",goat97
42,2021-01-01 22:06:16+00:00,1345129237519298560,"@rutacat68 @cathy4416 @Cernovich @realDonaldTrump She read 200 books, and still confuses National Socialism with Democratic Socialism. 

üòÇüòÇü§£ü§£ü§£ https://t.co/R1vZCm7jHL",GolinMarvin
43,2021-01-01 22:03:11+00:00,1345128462978224129,For all you people worried about socialism &amp; have no clue what it is (again do some research! Difference between socialism &amp; democratic socialism ü§¶üèª‚Äç‚ôÄÔ∏è no one is asking for it by the way) But the republicans &amp; the party you have had socialism for the rich THIS ENTIRE TIME off of YOU https://t.co/qa8uShDSXO,Plwkaliilee
44,2021-01-01 21:56:41+00:00,1345126827136696320,"@cathy4416 @Cernovich @realDonaldTrump What response could I possibly give to someone who confuses democratic socialism with national socialism, You definitely need to go back to school. 

BTW - Hitler's Fascism was a three-pronged approach. Social Darwinism, National Socialism, Nazism.",GolinMarvin
45,2021-01-01 21:55:41+00:00,1345126576686583808,"@stephenkb I can suggest just two he could try:

a) Democratic socialism and
b) opposition to appalling Tory policies.",bluecatsarah
46,2021-01-01 21:55:33+00:00,1345126541148250116,"@RA05h09mDec45 @prsjm3qf @bigchill_LC @JamesDelingpole @SteveBakerHW Socialists finally destroyed the English Liberal Party when the Social Democratic Party merged with them in 1988 to form the Liberal Democrats with Democrat referring to Democratic Socialism, they retained their social liberalism, dropping their economic liberalism.",WAPFLondon
47,2021-01-01 21:54:36+00:00,1345126300827095040,"@DaknZekenCoop @_inmybirkin @ChristopherU69 @Melojett @RexChapman I guess you misunderstood me, I said our system would be democratic socialism under Bernie...",TDRae21
48,2021-01-01 21:54:22+00:00,1345126242908037120,@JodiMudd @ImpossibleBob @ksorbs Want stimulus return it donate it to food bank. It's asahmed you don't no about socialism it's not the Marxist socialism it's democratic socialism basically it was the same as a new deal democrat if you still don't want socilism the police library  roads are all based on socilsm,whitejoanab
49,2021-01-01 21:54:17+00:00,1345126223089958920,@iliasalafi Radicalizing normies on communism by settling for democratic socialism.,ShoNuffKay37
50,2021-01-01 21:42:14+00:00,1345123192583692295,@SenatorLoeffler Here's what socialism is.  Quit acting like it's just a Democratic thing.  It's our country's thing. https://t.co/VQES4Ninw9,Debbie_in_WI
51,2021-01-01 21:42:01+00:00,1345123137822724096,"@RobertLandweh16 @RexChapman MLK was for Democratic Socialism,so like the Republicans have been doing for decades they ignorantly label him a commie",AnnahAnguiano
52,2021-01-01 21:40:37+00:00,1345122783408386048,@Raywoolford @UKLabour There are no longer battles though. The Right is purging the Left. It is fundamentally changing the balance to oust democratic socialism. It is not a centre Left Party representing the working class.,SaraCo130813
53,2021-01-01 21:39:28+00:00,1345122495624577026,@HurrDurrington @YoungLibertari @BernieSanders I'll go tell ancient Romans that they owe their aqueducts and public baths to Democratic Socialism. Gauls and Germans will be glad to know that their tax denarii have been used efficiently.,Oberstu18764701
54,2021-01-01 21:35:17+00:00,1345121440903946243,"@QasimRashid Concur with assessment of  Democratic Party. Need for PR department at DNC in order to unravel all lies generated by GOP.
2020 GOP lies against Democrats, socialism, abortion, defund police. Encouraged  Democrat candidates in Georgia they must reach out to Republicans 4 win. 1",Connie85895125
55,2021-01-01 21:29:40+00:00,1345120027050180613,"@LindseyGrahamSC @sosayu3 It most certainly is socialism! It‚Äôs Democratic Socialism and it‚Äôs what this country needs! By the way, your job is socialism just like the FAA, FCC, Medicare, Medicaid, Social Security, dept. Of Roads, the United States Military, Secret Service, the Farm Bill, Fed Crop ins. Etc.",tommyba37626270
56,2021-01-01 21:26:09+00:00,1345119141213077504,"@MotJuinCattleya @Doc_Wolverine Look, if a rebrand from democratic socialism to a masturbatory play on ""capitalism"" that makes the bootlickers happy is all it takes to get people on board with ""own your labor, work less, earn more, take care of each other,"" maybe we should just take that hit.",OttoLontra
57,2021-01-01 21:25:08+00:00,1345118885981409280,"@Genterline @_Aisha247_ @RingJames_6 @CaputoStephanie @IlhanMN Capitalism isn‚Äôt ‚Äúfree enterprise.‚Äù Every system had markets. Slavery; feudalism, &amp; capitalism. NK is literally a monarchy. That‚Äôs not socialism. Socialism is democratic, where the workers own the means of production. That hasn‚Äôt happened yet in history.",ronoIogy
58,2021-01-01 21:24:47+00:00,1345118798278500352,Nicos Poulantzas: Philosopher of Democratic Socialism(via @Pocket) #longreads https://t.co/dioMJhFPV8 https://t.co/QUdb2yeseg,jorge_salema
59,2021-01-01 21:24:36+00:00,1345118751713329153,"Driving through Hillsborough seeing all these BLM signs, it‚Äôs just like a nazi flag. Just everyone supporting democratic socialism. 
It‚Äôs not about black lives, it‚Äôs about the Marxism https://t.co/RKelbIZDxO",BigSamRB53
60,2021-01-01 21:19:15+00:00,1345117406298046469,"@tedcruz There is nothing more democratic than a minority of people disregarding the votes of the majority and propping an autocrat. Socialism didn't destroy Venezuela, it was having 2 populist autocrats in a row that overruled the will of the people, like Trump and the GOP.",LeafFilterMan
61,2021-01-01 21:19:04+00:00,1345117361330921472,"""I've never heard the word socialism so much in my life."" The two GOP incumbents in the Georgia U.S. Senate race are appealing to the state's most conservative voters with exaggerated attacks against their Democratic opponents. https://t.co/rv59THZSTo",AP
62,2021-01-01 21:15:40+00:00,1345116505776611328,"@zesilencedogood @SenSanders He‚Äôs campaigning for democratic socialism, which is a mixed economic system that heavily relies on CAPITALISM. Sorry it hurts you so bad he wrote some great books. Guess we can‚Äôt all be smart. Need an affordable education? I have a politician for you! üíÅüèª‚Äç‚ôÇÔ∏è",israelashley
63,2021-01-01 21:10:03+00:00,1345115091432321024,"@aryan_gajwani Lol you know Bernie became a millionaire *AFTER* running for president in 2016, from book deals &amp; speaking engagements, right? 

And he's a democratic socialist, which is, you know, different than socialism/Communism/Marxism/whatever other boogeymen you want to claim it is.",knightopia
64,2021-01-01 21:06:55+00:00,1345114304903671808,"""The tendency towards the systematic destruction of the middle classes is common to both Bolshevism &amp; Democratic Socialism; inflation &amp; taxation are prime instruments in both.""",naturalmoneybtc
65,2021-01-01 21:05:14+00:00,1345113877504290819,"@ChristopherU69 @Melojett @RexChapman No. We all agree that autocratic governments combined with communist economics are bad. The politicians simply seek to confuse us.

When you hear ""democratic socialism,"" think democratically elected government that provides social benefits for their people. Canada. Europe.",EqualUnderLaw12
66,2021-01-01 21:04:39+00:00,1345113730737082368,@Melojett @RexChapman I agree with the sentiment just gotta point out thats not really democratic socialism more social democracy/welfare capitalism. In true democratic socialism major industries aren't privately owned. But would be very happy to get to either from where we are now.,cocomittens5
67,2021-01-01 21:02:00+00:00,1345113065059188737,"@49erscoach @JonathanMunitz @dgendvil Well we have health care for all, affordable college tuition(1300‚Ç¨/yr)democratic socialism is much more humane. #Portugal",bthefish
68,2021-01-01 20:59:09+00:00,1345112349724864514,"To all my followers to start the year do good to the world and tell a leftist that if he wants his democratic socialism to go to Cuba or Venezuela, which curiously none of them wants to go, XD",PositiveAbraham
69,2021-01-01 20:59:04+00:00,1345112327587295234,"@EcoSenseNow @EpochTimes There are various shades of socialism: from social-democratic as in Scandinavia to hard core as in North Korea: I guess most Dem voters are aiming at the social-democratic form:  free healthcare, free education, free day care, in return for high taxes...",mauflang
70,2021-01-01 20:57:03+00:00,1345111818134462466,@Melojett @RexChapman Stealing this. üëÜ It simply boggles the mind that people still conflate communism with democratic Socialism. There are countless forms of Socialism and they are all very different.,BrunoTheGreat32
71,2021-01-01 20:56:42+00:00,1345111732298141697,@dev_decker They seize every opportunity to Bernie bash so they have to split time between Bernie and tRump. I think Bernie will get the worst of it. They‚Äôre more scared Democratic Socialism than tRump &gt;&gt;üí∞üí∞,PeggyMo41094395
72,2021-01-01 20:54:47+00:00,1345111250552954883,@PunishedAnprim @CNN There's both. It's situational and contextual. Social security is socialism (not an evil word). We have a complicated blended system. It's why it's so easy to call Democratic candidates socialists.,man_balding
73,2021-01-01 20:53:54+00:00,1345111025671135233,"In 2020 OUR government paid 40% of farmers income, yielding their best income in a decade. Gee, doesn't that sound like... #SOCIALISM.  G-d bless our farmers. And a pox on people who throw the socialism word around like it's  worse that #JoshHawley anti-democratic antics.",cap8032
74,2021-01-01 20:52:52+00:00,1345110767104909312,You'd call it socialism if a Democratic president was in office. https://t.co/5uFdF8UoeH,DaDorq
75,2021-01-01 20:52:45+00:00,1345110739233636353,@EricTrump It's no longer Republican vs Democratic parties. The 2 party system has always been an illusion to divide America. This is the first time ever there's been 2 parties and that's us Patriots vs Socialism.,mistyfofo44
76,2021-01-01 20:51:42+00:00,1345110474355060737,"@mtgreenee PS

Everything you guys have been calling socialism for the better part of the last 30 years was stuff that was created by European conservatives after World War II Christian Democratic Party. You know Christian democracy applying Christian social principles to democratic",nevancik1
77,2021-01-01 20:48:17+00:00,1345109615596490754,"@StreetsCorner1 IMO you are consistently confusing democratic socialism with Marxist communism. It is simply not true that the democratic socialism of the Scandinavian countries, &amp; others in Europe, have ended in ""a pathetic situation."" Socialism, democracy and Christianity are not incompatible.",jjohns1221
78,2021-01-01 20:47:03+00:00,1345109303653511171,"Communism has been so redefined today to look like socialism or democratic socialism, but ‚Äúaccording to Marx and Engels, socialism was the final transitionary step to communism,‚Äù",geopolytica
79,2021-01-01 20:46:38+00:00,1345109199064342529,@LindseyGrahamSC Socialism is looking the other way while Democratic governors cripple small business to death.  Barely giving the American public any money for it is just cruelty.,jbhinson1
80,2021-01-01 20:44:48+00:00,1345108736218546178,"Corporate Socialism vs Democratic Socialism.

There is nothing fiscally responsible about the modern-day Republican Party https://t.co/lUS4Z0heL1",seanmurphy2012
81,2021-01-01 20:41:35+00:00,1345107927267500034,"Agree, it is a great article. Hopefully many will read to learn that what they think about Democratic socialism is wrong. https://t.co/huHTYTuEnQ",Beckrmr
82,2021-01-01 20:36:54+00:00,1345106750744252417,"‚ÄúWhat many young people today don‚Äôt realize is that socialism is a machine for empowering insiders ... A vast expansion of the American government, as imagined by today‚Äôs Democratic Socialists, would create its own privileged elite.‚Äù True.
https://t.co/oic2w2YByU",JustinPearsonIJ
83,2021-01-01 20:34:46+00:00,1345106212409503746,@DaknZekenCoop @TDRae21 @ChristopherU69 @Melojett @RexChapman Nobody is saying it‚Äôs an example of democratic socialism. My point is saying it is ‚Äúcompletely socialist‚Äù just isn‚Äôt true.,_inmybirkin
84,2021-01-01 20:34:33+00:00,1345106157506076675,"@6868JRAP @mattyglesias Not true, any more than those who argue you can have Democratic Socialism.  It‚Äôs all about ensuring checks and balances between power centers.",dopper0189
85,2021-01-01 20:30:23+00:00,1345105107164213251,"@MotJuinCattleya ""Ownership"" can drown U in taxes and keep wages to the point of poverty for profit! There are ASPECTS of socialism that works to benefit people by more involvement &amp; control in industries (gov. polices mafias) with democratic methods of competition 4 advancement &amp; price control",Reborncrossings
86,2021-01-01 20:28:44+00:00,1345104693752696832,"@_inmybirkin @TDRae21 @ChristopherU69 @Melojett @RexChapman So no, Venezuela is not an example of Democratic Socialism. All we‚Äôre asking is for these large corps to be taxed their fair share and reinvesting it into our country and people.",DaknZekenCoop
87,2021-01-01 20:28:01+00:00,1345104511640059909,"For me its a weird center-esque ideology, one that supports government economic supervision and initial welfare support, while at the same time, promoting long-term economic liberalism for the people. Economic Liberalism mixed with Democratic Socialism",Rey__Jan
88,2021-01-01 20:21:25+00:00,1345102850746155008,"@Jmike_Rockaway @RexChapman Democratic socialism is working class control of production, gained through electoral means as opposed to revolutionary means.
Which cannot happen, but that's beside the point. 

Learn what socialism is from socialists not dumb liberal memes",DreggzOfSociety
89,2021-01-01 20:20:02+00:00,1345102503034179585,"@Jmike_Rockaway @RexChapman The last section is also very wrong.
You are describing social democracy, not democratic socialism. They are distinctly different concepts. 

Social democracy is capitalism, bourgeois control of the means of production, but with good welfare.",DreggzOfSociety
90,2021-01-01 20:19:00+00:00,1345102243989745664,@AbbortSlang @Timmy95772272 Some mfs think it was an allegory against Democratic Socialism and not cringe Stalinism lol,browsersatdv4
91,2021-01-01 20:18:30+00:00,1345102119406190592,@davidpakmanshow Democratic Socialism at its finest right here.,Wizwerds
92,2021-01-01 20:18:05+00:00,1345102014745817089,"@niggligg Like, I wantee to like Lee Carter but he's done absolutely nothing to build up bottom-up organizational power for socialism; that he's trying to run for Governor is proof that he isn't interested in socialist political strategy because he's another democratic party cretin",SadBoylshevik
93,2021-01-01 20:16:24+00:00,1345101588109664258,@NorthWoodGuitar @RomeyRitter @mdschriner @nytimes Grammar is the least of her worries. She thinks democratic socialism is the same thing as communism üòÇü§£ And insists that Jacinda Adern runs around calling herself a communist in spite of the FACT that she has never once said it.,KimSwink
94,2021-01-01 20:16:15+00:00,1345101550797074438,"@MorganZegers @TPUSA For those that really care if Morgan here is telling the truth here is ‚ÄúWhat is democratic socialism?‚Äù from DSA‚Äôs about us page. 

https://t.co/6ix0IkClxb",stephen_housman
95,2021-01-01 20:15:43+00:00,1345101418949091330,"@RaughKee @JonathanMunitz Democratic Socialism says that what we make and how we exchange or sell it should be regulated to benefit all of us, not just for the benefit of a few at the top.",batbird
96,2021-01-01 20:14:01+00:00,1345100992061210625,@Melojett @RexChapman nah i did not just mistake social democracy for democratic socialism,PFMUZAK
97,2021-01-01 20:09:20+00:00,1345099811389755392,"@Melojett @RexChapman we do not need democratic socialism, it reeks of capitalism",PFMUZAK
98,2021-01-01 20:09:12+00:00,1345099779391582209,GOP: corporate socialism=good Democratic socialism=bad https://t.co/c0g3Pny3Kc,coach_baz
99,2021-01-01 20:08:16+00:00,1345099541981220864,Crazy parallels between the Russian revolution and our current state in America.. only a matter of time. Let‚Äôs just hope our leaders steer the country to democratic socialism rather than a dictatorship posing as a people‚Äôs movement,ilovecloudz
100,2021-01-01 20:08:10+00:00,1345099519105658882,"@EcoSenseNow @EpochTimes There are millions of kids who were not taught what socialism really is, thinking this is cool.

They think Sweden is a ""democratic socialist"". No, they are still capitalists. It's why you can buy IKEA stock

They also don't' realize Sweden is hurting since letting in migrants",jancarla1999
101,2021-01-01 20:01:44+00:00,1345097899647107072,"@ConceptualJames This is exactly right, when the leaders of the socialist countries of the former Eastern block used to say they were democratic they were speaking unironically and not spreading lies (in their eyes at least). They truly believed that democracy could only exist under socialism. https://t.co/8hauGNP8Z2",MattStirner
102,2021-01-01 20:01:22+00:00,1345097808488099842,@GOP just because Trump lost you and there was no evidence of widespread fraud nor such evidence found in reviews by Justice Department and Department Homeland Security you and your Socialism friend destroy this Democratic country,Bisson96Donald
103,2021-01-01 20:00:07+00:00,1345097491339886592,"@Corbomite66 @ginakok @JaniceFinnerin @disclosetv Show your ignorance more lol, he is indeed someone who is for democratic socialism, but he isnt a democrat, he is an independent, he just ran as a democrat for president because independents dont win presidential elections. Just like trump didn't register republican til he ran.",OriginalGavynnn
104,2021-01-01 19:58:35+00:00,1345097108118929408,"@ChristopherU69 @Melojett @RexChapman Democratic socialism still has capitalism in their system, those other countries are completely socialist and corrupt. Democratic socialism is where we all pay for the common good and you can still be rich.",TDRae21
105,2021-01-01 19:55:04+00:00,1345096221162139648,"@MarlattRichard @frankthorp @NBCNews Democratic ideals of socialism, get in line or be destroyed. Those sound like everyone‚Äôs dream, to be bullied into submission. Marxism - wonderful.",Bdizface
106,2021-01-01 19:54:30+00:00,1345096080590041097,"#Supercapitalism is democratic socialism. This describes democratic socialism. 

The thing it‚Äôs calling ‚Äúsocialism‚Äù is a version of Leninism-Stalinism and was not invented by Marx. https://t.co/7stzkaHOzN",JefferyZavadil
107,2021-01-01 19:53:14+00:00,1345095758954049539,"@DmitryOpines @IanDunt Shag nationalism, marry democratic socialism, avoid fascism?",PeteClifford
108,2021-01-01 19:50:20+00:00,1345095029317136385,@AmericaNewsroom just because just because Trump lost you and there no evidence of widespread fraud nor such evidence found in reviews by Justice Department and Department Homeland Security you and your Socialism friend will not destroy this Democratic country,Bisson96Donald
109,2021-01-01 19:47:31+00:00,1345094321155039233,"@FabSocialist @AnarchistMoon The main difference between anarchists and marxists is the question of the workers state. Traditionally, it goes from Capitalist state--&gt;WS--&gt;socialism--&gt;communism. Democratic socialists want to use electoralism to get to the WS, Marxists want rev, and anar want to skip it. 1/",DrLiv69
110,2021-01-01 19:45:33+00:00,1345093827304910848,"@ProviderOfTruth @meredifay @KamalaHarris I really find your hypocrisy entertaining. I teach true history, if you refuse to do that, then you are the reason the system is failing. If you are a teacher, then you are part of democratic socialism. If you can support Trump, trying to take that away,you don't deserve your job",jenevieve_rost
111,2021-01-01 19:45:32+00:00,1345093822901051394,@replouiegohmert  just because just because Trump lost you and there no evidence of widespread fraud nor such evidence found in reviews by Justice Department and Department Homeland Security you and your Socialism friend destroy this Democratic country,Bisson96Donald
112,2021-01-01 19:45:14+00:00,1345093745931395085,"@RobertDumaine @EpochTimes Yes, the cries of ""New Democratic Socialism"" are being echoed in the halls of higher learning...jackasses.  Socialism is merely the porch to the house of Communism.",trishtweety
113,2021-01-01 19:44:16+00:00,1345093503081095168,"@BBlackwulf @SecPompeo Can you please Point me toward the GOP platform for 2020? You seem to criticize the Democratic one plenty. Although I'm sure you don't actually know what their platform was, besides platitudes like socialism and communism",aghenis
114,2021-01-01 19:43:11+00:00,1345093232015806464,@P_McEnroe Sounds a little like democratic socialism ü§î,AZritkodude
115,2021-01-01 19:37:22+00:00,1345091768132448256,@IanDunt Marry Democratic socialism and kill fascism?,DmitryOpines
116,2021-01-01 19:31:00+00:00,1345090166139072515,There is a huge difference between calling yourself a socialist and being a socialist. Carter isn‚Äôt a socialist regardless of what he calls himself and this whole DSA project of watering down socialism to make it more palatable to liberals has been a disaster https://t.co/wxVJj5nSgb,discokilllist
117,2021-01-01 19:23:04+00:00,1345088168656318464,"@MyMrcra82 @theserfstv That sounds more like capitalism that you're describing. Democratic socialism advocates for putting more power into the hands of regular people, rather than an elite. The economy should be controlled democratically, rather than by billionaires and wealthy corporations.",vegan_socialist
118,2021-01-01 19:20:27+00:00,1345087508762087424,https://t.co/5Zljhg0m4D    more info on democratic socialism,RegisterdVoter
119,2021-01-01 19:10:47+00:00,1345085077508808704,"@seanhannity @DNC This is the doctrine of radical progressives that want a metamorphosis to Democratic Socialism! Why are we complacent? How can this be happening in the US the once iconic example of Democracy! Daily our rights, liberties &amp; freedoms are being infringed! What‚Äôs next ? ???",mrjjd
120,2021-01-01 19:09:08+00:00,1345084662767562753,@QueenSorviaV the 2013 Canadian NDP convention spent so much time trying to litigate a change in the constitution from democratic socialism to social democracy and I thought it was so pointless,life_minutiae
121,2021-01-01 19:09:02+00:00,1345084638260297729,"#EndStageCapitalism Welcome to the USA.  Democratic Socialism within our sights!
@JabariBrisport @phara4assembly @JuliaCarmel__  @Dianne4NYC",RSanjamino
122,2021-01-01 19:04:04+00:00,1345083386633793537,"@PeckPolitics All I see are true believer leftists begging for socialism while corporate neoliberalism gets stronger. And as the Democratic hegemony tightens, they less they have to give the activists in return. Trump is more of a leftist than a Biden or Bezos, outside bougie SJW signaling.",Theory_Praxis
123,2021-01-01 18:57:19+00:00,1345081689668689921,"@CathySaidIt @meredifay @KamalaHarris grab a Dictionary and look up the words Fascism, socialism, and Democratic socialism. Hint, one is FAR RIGHT, one is FAR LEFT, and one is somewhere in the middle. democracy is about balance. That's why there's been 19 Rep presidents and 15 Dem. B A L A N C E",jenevieve_rost
124,2021-01-01 18:53:44+00:00,1345080788329652224,"@michalthfc @czeslaw_d @mlodzi_pps @CzlowiekWolny The Spanish war and other events in 1936-37 turned the scale and thereafter I knew where I stood. Every line of serious work that I have written since 1936 has been written, directly or indirectly, against totalitarianism and for democratic socialism, as I understand it. (1945)",MazurJeremiasz
125,2021-01-01 18:51:35+00:00,1345080247033716738,"@TaiDecker @GubbinsSpoofer @thehill @realDonaldTrump Democratic socialism is an ideology. Not a wing of the Democratic Party.

The idea of widespread voter fraud happening in the 2020 election has debunked. All the Incredibly far fetched and weak evidence has been debunked.",politicsforsome
126,2021-01-01 18:50:42+00:00,1345080021413634048,@southstands303 And the reason the term ‚Äúdemocratic socialism‚Äù is akin to communist gulags is exactly those same people. He‚Äôs arguing for all the shit that makes countries in Scandinavia the happiest  places to live year after year. It ain‚Äôt rocket science nor is it communist. It‚Äôs common sense.,PrincePickaxe
127,2021-01-01 18:48:23+00:00,1345079440037044226,@Robby48200747 @ReverendWarnock @DisabilityPAC Do you know the difference between socialism and communism? Democratic socialism is good for people.,Dianrez
128,2021-01-01 18:35:43+00:00,1345076252491870208,"@Luksemburgist @Alice_Evelyn_ The point is this is a performative abstraction which does little to get us to where we need to go. It is second to a policy which Zizek sees as antithetical to democratic socialism or things similar. We do not need one big vote, but rather clear economic lines to progress.",NotLeonTrotsky
129,2021-01-01 18:34:35+00:00,1345075968256327680,@thehill Welfare for the rich is ok but socialism for people in need is not?  Know the difference between communism and democratic socialism please.  They are NOT the same! US schools don't teach it because its a threat to broken corrupt corporate capitalist greed.,AntiECollege
130,2021-01-01 18:32:40+00:00,1345075485831802880,"@Jim_Jordan Looks like Jim has finally joined the democratic socialism movement!
‚òëÔ∏èFree Healthcare 
‚òëÔ∏èFree College
‚òëÔ∏èFree Daycare
‚òëÔ∏èFree Housing
You should touch base with @AOC &amp; @BernieSanders on some other great ways to help provide Freedom to Americans in need.",DrMBaxter
131,2021-01-01 18:30:11+00:00,1345074860620455937,this guy showed that you CAN stand up to big pharma - he capped insulin prices. Democratic Socialism is the way to go - no more weak corporate politics https://t.co/nHAo1Y89WB,bop_now
132,2021-01-01 18:29:37+00:00,1345074718123110401,"Bernie laid the groundwork for instructing Americans on ‚Äúsocialism for the rich‚Äù in his campaign, particularly when he gave that speech on being a Democratic Socialist. But Bidens win put all that on ice. Good to see him firing it it up again, this needs to be a core message. https://t.co/Se2dR5JoUW",YashkatheNinja
133,2021-01-01 18:26:37+00:00,1345073962452209664,"@anastasius1992 @TrendyWeb1 No, within the second most neo-liberalist economy in the world, there's no chance of Democratic Socialism ever happening.
The current two 'Parties', as you've said, are both 'Tory'!
Starting from scratch just might! üëç",bane_baldy
134,2021-01-01 18:21:05+00:00,1345072571604213760,"https://t.co/8dgSaSB6KM
USA's LEFT, AS A WHOLE, USA's WORKING POPULATION, NEED TO HAVE PASSION OF JIMMY DORE, AND USE THAT PASSION TO DISMANTLE USA's CORRUPT FASCIST OLIGARCHY AND INSTITUTIONALIZE USA DEMOCRATIC SOCIALISM OF, FOR AND BY ALL OF THE PEOPLE OF THE USA. https://t.co/P8WbHKUII3",ThomasGMiller8
135,2021-01-01 18:19:06+00:00,1345072070250606592,"@Melojett @RexChapman But we‚Äôve been told we‚Äôd end up like Cuba and Venezuela, would this be true with Democratic Socialism?",ChristopherU69
136,2021-01-01 18:18:02+00:00,1345071803052470274,"@bourdeau_ed @mcuban Yup!  DEMOCRATIC SOCIALISM is STILL CAPITALISM, I dont want to end private property or the market economy. But I am saying all of it is created by our Fed govt centrally PLANNING property rights and budget deficits etc, without which CAPITALISM couldn't even exist! https://t.co/sS2s2f10k3",RoccomillionMMT
137,2021-01-01 18:14:31+00:00,1345070918578540544,@thehill Socialism for rich people is Republican Socialism. Socialism for average working people is Democratic Socialism. Mitch knows that. He just doesn‚Äôt want you to figure that out.,billrob22853785
138,2021-01-01 18:11:08+00:00,1345070066115686400,"@postcapitalistT @RayPlunkett45 Socialism. ""Democratic"" Socialism as your side would call it",stormcrwcentrl
139,2021-01-01 18:07:03+00:00,1345069037672402946,"@Suzi_Taunton @davidmweissman @Jim_Jordan You guys can have what we have! Bernie? I've been a fan of his for a while along with aoc. They want for the USA what we have! Democratic socialism. The needs of the many outweigh the wants of the few.

America has so much potential but being held back by so much corruption.",kyleruggles
140,2021-01-01 18:06:18+00:00,1345068848194715648,"@RexChapman Corporate socialism it's how we live.

Wake up people we need Democratic socialism. Works for the people. https://t.co/FCaPxQCA8f",Melojett
141,2021-01-01 17:58:45+00:00,1345066947931590656,"@vincent5126 Democratic socialism, surprise üòå",NJ_0922
142,2021-01-01 17:55:17+00:00,1345066077831761920,"@jhornart Nope. Supercapitalism == Democratic Socialism. But, hey if you want believe otherwise, go ahead.",castaway_social
143,2021-01-01 17:54:29+00:00,1345065876962177024,"@KatieJohnson214 A person sees in others only parts of himself, &amp; here Schiff repeatedly incriminates himself &amp; the Democratic Party: American values (socialism?), national security (China, N. Korea, Iran, ISIS, M.E. peace, wall), compromised elections???",schividecker
144,2021-01-01 17:49:52+00:00,1345064715052064768,"McConnell accused Democratic Leaders of engineering a bill sending ""thousands of dollars to people who don‚Äôt need the help."" Rich?  75k limit Rich? Trump got MILLIONS! Justify that! @senatemajldr
@SenSchumer

$2,000 stimulus checks are 'socialism for rich'
https://t.co/1vN4nbgrJK",debg_deb
145,2021-01-01 17:49:37+00:00,1345064650895990786,@CapitalBtd @Demockery3 @AOC We‚Äôre talking democratic socialism. Entirely different. Perhaps you fail to understand,mrockrph
146,2021-01-01 17:49:36+00:00,1345064648165486594,"@shantyXman @feeling_petty @BarrPebley @hugemungousBoom @CawthornforNC If their freedom helps the wealthy, how come the wealthy people support the liberals? The wealthy people and the stars speak on their liberal platforms. Republicans don‚Äôt take money from big donors. Dems do. And no, democratic socialism is the exact opposite of economic freedom.",479aaron
147,2021-01-01 17:49:36+00:00,1345064647678898181,@SteveHofstetter Democratic socialism would actually be pretty cool and is not scary.,Jiah_McPadden
148,2021-01-01 17:47:10+00:00,1345064034161274881,"@thehill @KellyannePolls A plutocracy is able to control our government because the political parties serve billionaires and business lobbyists
 
Democratic Socialism expands the power of individuals; the problem now is that the people do not have power over our Representatives.

https://t.co/R1xqwiPNUY https://t.co/WNlpg5u0kX",secular_william
149,2021-01-01 17:43:41+00:00,1345063157371445255,"@VaushV So, instead of management owning production, the worker owns production? That sounds like Democratic socialism (a good thing) to me. If one wants to call it supercapitalism, because ""dumb fucks"" are hung up on the word socialism, by all means go for it.",castaway_social
150,2021-01-01 17:43:28+00:00,1345063104019910663,"@Thiseyesees @USEagle12 @murray_nyc @realDonaldTrump Of course its flawed.. it was flawed before trump. 
I wasn't paying attention a year ago. but when I saw how deep the corruption goes, and I listen to what trump says, its crazy we're not commies (under the guise of democratic socialism)
Trump or no trump something has to be done",DrewFire01
151,2021-01-01 17:39:43+00:00,1345062160599117824,"@TheAliceSmith The Left: desperate to improve the condition of oppressed minorities

The Left: supports ""Democratic Socialism"" where the majority has unlimited power over any minorities.",GoodExplain
152,2021-01-01 17:33:36+00:00,1345060621562355716,@kylegriffin1 He is a damn liar. Socialism for the rich has already benefitted him. God@I hope he gets out soon . Georgia.  Elect Democratic s for both senate positions.,patriciaalane5
153,2021-01-01 17:33:11+00:00,1345060515521974272,"@IvankaTrump The Democratic Party can kiss my -ss. Oh and by the way, to all yall Bernie butt lickers. Socialism was the party of Hitler.",fernando78704
154,2021-01-01 17:23:11+00:00,1345058000000741377,"@peterjgowan A model for CIA ‚Äúsocialism‚Äù: the good manners police. #ForceTheVote exposed the trash in the US pseudo-left, the biggest reason the US is a neoliberal hellhole with no socialist mass movement. DSA clowns aren‚Äôt just US empire pr agents, they also boycott universal healthcare https://t.co/NpHgFUMDmg",taseenb
155,2021-01-01 17:17:27+00:00,1345056556560343040,"@davidkurten Shit the fuck up charlatan, Democratic Socialism all the way‚úäüèΩ",Anthony_Crane7
156,2021-01-01 17:15:13+00:00,1345055993634275331,@cindyahenson @KamalaHarris I'd rather democratic socialism not communism,02_Val_02
157,2021-01-01 17:13:43+00:00,1345055617430540288,"@MLUK1917 Don't even know what they are on about, like??? Increasing the democratic participation of a people is absolutely important. If you really don't want to do literally anything that's fine too, but don't make it up to be some kind of big problem for socialism.",leftyandzesty
158,2021-01-01 17:11:15+00:00,1345054996279267331,@usrn_ame Imagine how things would have been if Bernie had said he was a socialist and then instead of qualifying it with Democratic Socialist said something like ‚ÄúWe need a socialist alternative to the two party system‚Äù or ‚ÄúWe need a party focused on socialism and liberation‚Äù instead.,CollinWhite
159,2021-01-01 17:06:45+00:00,1345053864152731650,"@anastasius1992 @TrendyWeb1 Agreed!
You could have saved time by getting here a while ago! üëç
Irrespective of the (accepted) reality, the chance of Scotland adopting Democratic Socialism is far higher being Independent!
It's never a possibility within the UK!
It gives some hope!",bane_baldy
160,2021-01-01 17:06:24+00:00,1345053776886046722,"@horny_nobody @SoulPatchanBuff @notreallykraut For me, it's earlier than that. It's whenever leftist policies restrict the freedom of the individual, and there's a lot of blends of socialism that do that - even democratic socialism has an anti-freedom streak.",devtrospective
161,2021-01-01 17:01:30+00:00,1345052542389071872,@tweettruth2me And Democratic socialism is still socialism.  It doesn‚Äôt make it a better form of socialism.,David76097183
162,2021-01-01 16:56:18+00:00,1345051234605146112,"@inpursesuit101 @CHelrigel @thebradygang @JoeBiden How we help the US working class is the big distinction. The Left-wing (not centrist Dems) believe in democratic socialism (Medicare for all, etc). They aren‚Äôt ‚ÄúMarxists‚Äù or ‚ÄúCommunists‚Äù. But Trumpers like to throw around those scary labels to keep the fear amped up.",Charly7778881
163,2021-01-01 16:56:04+00:00,1345051174643380224,@davidmweissman @Jim_Jordan I agree. I can‚Äôt wait To get rid of capitalism. Socialism is much better just look at Venezuela. Democratic liberal Marxism is Awesome!,yourmydisco09
164,2021-01-01 16:55:17+00:00,1345050976567365632,"@Brian_Lewis @JamesEFoster @Lotx Happy New Year to All. Amazing conflation of Socialism, (Democratic Socialism) with Communism, which has the Americans persuaded that e.g. Medicare For All would lead inevitably to Stalinism and Gulags. Trump these days is heading closer to Stalin than Bernie ever would.",WeltonPhil
165,2021-01-01 16:47:46+00:00,1345049083866656769,"@AGirlJustKnows Same experience in NY. But then also I‚Äôve come to realize I‚Äôm far left of democratic socialism, ideologically.",zwnyc
166,2021-01-01 16:44:59+00:00,1345048383866732544,"@TeamTrump @JennaEllisEsq The amount of overwhelming evidence should make it easy to decertify this election. 

If they don‚Äôt act it will show that the Republican Party are a bunch of cowards and will allow the Democratic Party to push them around.  

Act now or open the door to socialism",RealNews44
167,2021-01-01 16:40:14+00:00,1345047190906007553,@VaushV This is literally Democratic Socialism.,sammywhammy59
168,2021-01-01 16:32:50+00:00,1345045326596608000,"@MVP_040 @lyntrus @Hollywoodlandia @FoxNews Republicans &amp; Fox News have told her that socialism is bad, so she goes along w/ what she's told. Nevermind doing any research into countries that have a democratic socialist construct or actually speaking w/ anyone who lives in those countries, to get a 1st person's perspective.",KayArissa
169,2021-01-01 16:30:09+00:00,1345044653289181189,"@SaraCo130813 The word socialism/socialist , bit disappointing if you're the leader of a democratic socialist party . Really I can't remember him saying it ever , please correct me if I'm wrong .",MarzOfar1
170,2021-01-01 16:29:21+00:00,1345044452084232194,Democratic Socialism is just a bunch of malarkey,IsThisMalarkey
171,2021-01-01 16:27:38+00:00,1345044020511309831,"NIKKI HALEY: ‚Äú2020 was the year socialism went mainstream ‚Ä¶ the default economic policy of the Democratic Party. This terrifying trend threatens the future of every American."" https://t.co/u5kr2Sdc3n",GeneBryant2
172,2021-01-01 16:17:47+00:00,1345041541144797185,"@GKJill @SilentRunning61 I haven't a problem with Democratic Socialism. If it's good enough for Zizek, it's good enough for me. But it's my prerogative to üñ§ @SilentRunning61",dylanesqu
173,2021-01-01 16:15:48+00:00,1345041040965849088,"Socialism: small brain. You must share everything you own with everyone including your underwear

Super Capitalism: BIG BRAIN. Free-est market with workers being able to own their own businesses. Democratic !!!!!!",B4ST4RRD
174,2021-01-01 16:13:38+00:00,1345040494154362884,"@SilentRunning61 @laineduffy Actually, no. Sexism, racism, ableism, homophobia and classism are capitalist's control mechanisms. Democratic Socialism allows equality and ends this patriarchal capitalist horseshit. https://t.co/UX1azXG255",GKJill
175,2021-01-01 16:13:24+00:00,1345040437485203456,"@newsmax @stinchfield1776 Increasing because it‚Äôworks.The fact Conservatives try to correlate  and confuse there narrow minded sheep ,using a blanket description of socialism disregarding the merits of Democratic socialism  just shows how wrong they are.Conservatism the opposite of a progress is the enemy",GOPSlayer2
176,2021-01-01 16:11:51+00:00,1345040048081625093,"@ruthbenghiat 

2020 was the year socialism went mainstream,‚Äù Haley wrote on Twitter. ‚ÄúThe dangerous ideology, which has failed everywhere it has been tried &amp; ruined countless lives, is on its way to becoming the default economic policy of the Democratic Party.‚Äù",America10117
177,2021-01-01 16:10:40+00:00,1345039747169849344,Nationalizing infrastructure on oppressed purity politics without protesting Democratic solidarity by doing the work #socialism üåπ,RoseEmojiBot
178,2021-01-01 16:06:35+00:00,1345038722652377089,"@kledon @aMarketDimlyLit @s8mb @allisonpearson I agree, hence the ‚Äòfor good or ill‚Äô. Honour killings at one extreme, and dog-eat-dog and bystander apathy on the other end of the spectrum. This is one time when a centre position is a more ideal. Kind of like a social democracy/democratic socialism...?",CurlyClareToo
179,2021-01-01 16:03:32+00:00,1345037952729165827,"Happy New Year to my American friends! May justice be served, may your nation heal from the last four years, and may some of you finally understand that looking out for each other is what democratic socialism is all about! üá®üá¶",AnnieLaResister
180,2021-01-01 16:03:16+00:00,1345037888417894400,"@beinlibertarian Socialists &amp; commies are trying to rebrand as #SuperCapitalism as they're getting that people net large want #capitalism &amp; don't want the lack of property rights and wealth creation under #communism and #socialism. Looks like rebranding as ""Democratic Socialism"" didn't work üòÇ https://t.co/cXLSqCkiOa",DaPholosopher
181,2021-01-01 15:59:32+00:00,1345036947601772545,"@schwarz @Atrios Schwarz - I came to this conclusion myself.

The state is so rotten that the supposed public servants see our tax money as a vehicle for them to get rich selling favors and budget to the rich and powerful.

A successful exercise in democratic socialism is an existential threat.",BTudbubble
182,2021-01-01 15:59:06+00:00,1345036839401492480,"Real Capitalism is called Democratic Socialism today.
Adam Smith is 'the father of Capitalism' but American Corporations have abandoned those values.
Capitalism does not work without a moral society using Taxes and Regulations to benefit society.

https://t.co/6iNc99aK70 https://t.co/OCD4Op1uiq",secular_william
183,2021-01-01 15:52:56+00:00,1345035286603051016,"The New Democratic Socialism 2021:

Normal Democratic Party progressive electoral politics coupled with reassuring but not very serious bedtime stories about a far off radical millennium.",DanMKervick
184,2021-01-01 15:48:46+00:00,1345034237280354304,"@Quixotic_Moron I think you're confused. Super capitalism is simply a system in which all workers own shares of the companies they work for and they get to vote on who runs the place.

(We're rebranding democratic socialism here, stop pissing in the punch bowl.)",Racecarlock
185,2021-01-01 15:44:04+00:00,1345033055715684355,@1PatriotForLife Heed the words of Democrats for the past several months. They keep saying the #ChinaVirus is a reason to change America. Schumer says if we take Georgia we will change America. It's all about implementing 'Democratic Socialism'! It's their cure for everything.,ukwildcatfan191
186,2021-01-01 15:42:25+00:00,1345032640072740864,"Most people want the utopia the Democratic Socialists promise without ALL of the responsibilities that go with Socialism. Just like Obamacare, ""we couldn't tell them it was a tax or it would never pass"" Socialism could not be sold to an unsuspecting public without the lies",JohnMax12665996
187,2021-01-01 15:42:18+00:00,1345032609810808832,"Most people want the utopia the Democratic Socialists promise without ALL of the responsibilities that go with Socialism. Just like Obamacare, ""we couldn't tell them it was a tax or it would never pass"" Socialism could not be sold to an unsuspecting public without the lies https://t.co/5UaYBxyBik",JohnMax12665996
188,2021-01-01 15:42:09+00:00,1345032572074561536,"@ksorbs @Meg23777 Most people want the utopia the Democratic Socialists promise without ALL of the responsibilities that go with Socialism. Just like Obamacare, ""we couldn't tell them it was a tax or it would never pass"" Socialism could not be sold to an unsuspecting public without the lies",JohnMax12665996
189,2021-01-01 15:33:23+00:00,1345030367292526593,"@BNApilot @StephanieKelton @FlyingWithSara You're confusing Socialism as single party bureaucracy nation (which China isn't really any more anyway)
w/a social safety net in a democratic capitalist nation.
Strong social safety nets under capitalism outperform every other kind of capitalism on all quality of life measures.",wasserperson
190,2021-01-01 15:27:33+00:00,1345028899076501504,@tweettruth2me So is ‚Äúdemocratic socialism‚Äù as aoc likes to say.,boxer_sacha
191,2021-01-01 15:20:50+00:00,1345027208629387265,"@wouden_van Democratic Socialism
For ya",LoveLight5D
192,2021-01-01 15:19:12+00:00,1345026797868625921,"""Socialism is worker ownership and control of the means of production. This means democratic control of the government and the economy and the abolition of capitalism.""

#EmpowerThePeople 
#TrySocialism
#GreenSocialism https://t.co/zXGb3dYdHn https://t.co/gsBSi2hDVG",T1DME
193,2021-01-01 15:11:11+00:00,1345024778420281350,"@GeorgeTakei Based on the '16 and '20 SCOTUS vacancies, my guess is 2024 GOP will call a potential Democratic election overturn the worst thing to ever come to America and completely different than 2020 because of ¬°¬°SOCIALISM!!",CstmrDisservice
194,2021-01-01 15:10:35+00:00,1345024630558511112,"@TeacherDebi @Maxwell02720596 @PositiveAbraham @realDonaldTrump @superyayadize Again I will say, when the democratic party pushes America into socialism and it fails, like it always does, I didn't vote for it. Teacher Debi, even you know, or should, socialism NEVER works.",LilanFIERCE
195,2021-01-01 15:05:48+00:00,1345023424821743616,"Now this is just hilarious. 
Ignoring the US's history of intervening in successful socialist countries, the idea that the neoliberal Democratic party would go anywhere near socialism is equally laughable. https://t.co/XOeJMZcaLD",Priest
196,2021-01-01 15:03:53+00:00,1345022941776515073,"@LouisMi16088589 It's some troll bot idea of socialism. Nobody confiscates toothbrushes. The fact is Americans are sadly being brainwashed to think that socialism is evil when Democratic Socialism is prevalent in many rich, free nations. Why do you think everyone in Denmark is so happy?",BlueCoffeeKitty
197,2021-01-01 15:00:35+00:00,1345022113883811843,"@MikeyMacDee @JohnLennyPenny @prageru @DineshDSouza No, socialism is the democratic control and ownership of the means of production by the working class. 

""Both are system built around telling you that youre part of a group that needs to come together to defeat a group that's holding you down""

Could be said about any ideology.",yesvatore
198,2021-01-01 14:52:39+00:00,1345020116509970433,"If 2020 has taught us in the United States anything, it is that capitalism is a murderous system that reaches toward fascism when under duress. The solution is solidarity and democratic socialism. https://t.co/xk88do842K",ed_inthetrees
199,2021-01-01 14:52:17+00:00,1345020022767427585,@Paul01334593 @trentappus @Tabitha59803043 @ThatMetalNessie @MayaJamasmum @GregJ1966 @DefundBBC Paying you taxes for those benefits are Democratic socialism. They were implemented because these needs cannot be met with pure capitalism.,choc_aesthetics
200,2021-01-01 14:51:28+00:00,1345019818127319040,"@Paul01334593 @Tabitha59803043 @ThatMetalNessie @MayaJamasmum @GregJ1966 @DefundBBC Capitalism caused and allowed those this to happen in the first place. We had gender inequality, homophobia, racism, slavery, poverty, etc.. In a country that was only ever capitalist. These things actually only went away when we introduced Democratic socialism.",choc_aesthetics
201,2021-01-01 14:47:32+00:00,1345018827181060097,"@ChampagneDosser The right have certainly done their best to conflate democratic socialism with the examples of communism we‚Äôve had so far. Need to stamp that out

Read an article once said Conservative values are favoured by the dim. Those who can‚Äôt or won‚Äôt think for themselves &amp; hate change",twittwittawoo1
202,2021-01-01 14:46:18+00:00,1345018519260442624,Do you really believe in socialism if you don't believe it's already democratic? This is a rhetorical question,DillieHoliday
203,2021-01-01 14:45:13+00:00,1345018245062012930,"@AnaCabrera You have this Republican @CarlosGimenezFL who got his marketing words in right at the end of the interview.  ""Democratic socialism, Radical agenda.""  Typical cheap minded Republican.",Betoda8
204,2021-01-01 14:40:00+00:00,1345016932270014464,Dinesh D‚ÄôSouza on Trump Card Documentary &amp; Democratic Socialism https://t.co/UdNnw3l6yM via @YouTube,DBroph2
205,2021-01-01 14:37:48+00:00,1345016378047098881,"The first thing I read once the campaign was over was ""Eugene Debs: Citizen and Socialist"" by Nick Salvatore. A historical biography about a man rooted in the American tradition that arrived at the conclusion of democratic socialism. Worth a read if you're looking for a Debs bio. https://t.co/kdF3aZvStt",KFosterStomberg
206,2021-01-01 14:36:26+00:00,1345016033644589058,"Ah!  That's It!

AOC supports Democratic Socialism not to help the needy, she is pandering for more votes.",Dan96965929
207,2021-01-01 14:34:33+00:00,1345015561894453253,"It's how they put ""democratic"" in front of socialism for me (like it isn't already democratic)",DillieHoliday
208,2021-01-01 14:33:24+00:00,1345015269555646465,"@TemlessVic @OfficialSPGB No it doesn't.

You clearly don't know what socialism means.

Socialism is inherently democratic.",turkse_nihilist
209,2021-01-01 14:32:40+00:00,1345015085685743618,@devtrospective @notreallykraut though i wouldn't call democratic socialism really radical but that's just my own opinion,eberhardt_tobi
210,2021-01-01 14:21:15+00:00,1345012214315577344,"One who ever visited the German Democratic Republic knows that he or she doesn‚Äôt need socialism in any way. But, I guess @KLoeffler doesn‚Äôt know what socialism is all about while she keeps on warning, voting for the @GeorgiaDemocrat means to give way to socialists. #georgiavoters",thorsten_winter
211,2021-01-01 14:08:17+00:00,1345008951943966720,"@samuelpepys @TabathaSouthey Sounds like Stalin in the 50's (or, Cambodia in the 70's) ...
Didn't help the Communist model ...

        Democratic Socialism is not related ...",ThorntonNiwot
212,2021-01-01 14:07:58+00:00,1345008872340254720,"@MiguelNouhan @Keyholder4u @jimmy_dore Forcing a vote on M4A is NOT about Jimmy or socialism (! I oppose socialism, but some social democratic programs (Soc Sec, M4A, etc.) stand on their merit. An economic/fiscal view, M4A has been repeatedly shown to cost ~half of what we now pay while covering millions more people",TynerRD
213,2021-01-01 14:00:01+00:00,1345006871208292352,"The Democratic Socialists of America website states they intend to end private business in exchange for collectively-owned business. 

This is not what Nordic Europe has, it‚Äôs what Venezuela has. 

Real Socialism: when the government owns businesses ‚Äúin the name of the people.""",MorganZegers
214,2021-01-01 13:55:25+00:00,1345005711693066241,"By democratic socialism do you mean a strong welfare state, regulated capitalism etc (basically social democracy)‚Ä¶ ‚Äî a social democracy! i think the state should ensure everyone has a basic standard of living, housing healthcare e‚Ä¶ https://t.co/0oPGYrqXpm",lyonsteafan
215,2021-01-01 13:52:50+00:00,1345005062909816833,"@_pem_pem @alirodmur For some of us that grew up in the 70s and 80s amongst the indoctrination of anti socialism propaganda meant to gain public support in the toppling and controlling of Central and South American governments, democratic socialism can be a step I think we should support.",bansheebess
216,2021-01-01 13:37:16+00:00,1345001144997863424,What‚Äôs a non-glib way to think about the fact that many Republican voters straightforwardly believe that the Democratic Party is leading the US towards socialism? https://t.co/Mkfqr5eBWg,tedfertik
217,2021-01-01 13:31:17+00:00,1344999639284641792,Um this description of #SuperCapitalism is word for word #Communism. Who even wrote this. P.s. most of the world has Democratic Socialism and loves it. https://t.co/DiNZufBL1i,BlueCoffeeKitty
218,2021-01-01 13:29:23+00:00,1344999160530014208,"@UKStreetCrime1 @XRPbrainstorm The police have a quota to make each month of arrests and fines. They do not work for us but to generate income like any private business. Slowly trying to erode culture, history and democratic system. Pushing socialism much like how the CCP took power",GentlyTrolling
219,2021-01-01 13:19:55+00:00,1344996779822034945,"@McdowallRose @irisstylosa @davidjrosenberg @UKLabour @UKLabour need a different party because the party of democratic Socialism is riddled with tories who have no interest in Socialism, or even democracy come to that",DonahueRogers
220,2021-01-01 13:16:00+00:00,1344995791392428033,Dinesh D‚ÄôSouza on Trump Card Documentary &amp; Democratic Socialism https://t.co/wXLMxKMEL5 via @YouTube,Ang18376308
221,2021-01-01 13:12:28+00:00,1344994903911243776,Socialism or communism? ‚Äî Democratic socialism  https://t.co/VriDLrJzuf,lyonsteafan
222,2021-01-01 13:12:14+00:00,1344994843664199680,"@davidjrosenberg @irisstylosa I have a sense that @UKLabour need a different Leader of the party. They appear to have elected a man who is a politician, not a supporter of democratic socialism type politician though .  One who is using the Labour party for his own ends  ( a bit like all those Change UK folks)",McdowallRose
223,2021-01-01 13:08:39+00:00,1344993943163990019,@MerryMichaelW @LuckyHeronSay Tony Benn spoke about the huge democratic deficit brought about by membership of the EU. All socialists should understand the importance of democracy &amp; how socialism is fundamentally economic democracy. Remaining in the EU was always a contradiction far to many overlooked.,Dave_Burns_
224,2021-01-01 13:08:18+00:00,1344993853930135559,"@Owobowos1 Your definition of super capitalism is a form of democratic socialism. Anything thing your missing are safety net that would preserve dignity, liberty and welfare.",MindedOpsn
225,2021-01-01 13:06:09+00:00,1344993312130932739,"@thelainieadams @DanPriceSeattle Your taxes, with that of others as well, would be enough to pay for free tuition, healthcare and even daycare costs.
It is not socialism as those getting paid by lobbyist would like you to believe; it is a Democratic system which applies taxes towards social services instead.",JosephRLeduc
226,2021-01-01 12:56:38+00:00,1344990919112552449,@NotADetroiter It's democratic socialism in disguise and that is not the same thing,CoreySaylor1
227,2021-01-01 12:42:23+00:00,1344987333335142406,@TT47258836 @nofuxcsgiven The socialism we want is the socialism/communism (same thing) that Marx and Engels wrote about. This has NOTHING to do with greater state control and nationalization that those who call themselves ‚Äúsocialists‚Äù or ‚Äúdemocratic socialists‚Äù on the Left want. https://t.co/8r4Er3QH8m,OfficialSPGB
228,2021-01-01 12:21:32+00:00,1344982083962167304,"@NickMigs @brianchastings @caroljsroth As far as I and the majority of America is concerned, democratic socialism is just slightly watered down. They key is that DSes are largely anti-capitalism and anti-market which are a broadly unpopular positions.",spencemo_c
229,2021-01-01 12:13:39+00:00,1344980103948808192,"@XDaDePsak @VaushV Lol no it is a goofy and transparent rebranding of democratic socialism, ala the Nordic Model.",LirinNarcassan
230,2021-01-01 12:11:25+00:00,1344979538724454400,"Willful ignorance don‚Äôt get embarrassed, don‚Äôt understand what a democratic republic is, don‚Äôt understand socialized medicine or democratic socialism. Plus think ‚Äúforeigners‚Äù don‚Äôt matter. The POTUS who had international respect was the wrong shade of person 4 them! F$ck them! https://t.co/Wg22bRzd3B",Mysize411
231,2021-01-01 12:07:02+00:00,1344978434792034307,"@LauraAlvarezJC @LabGrassroots May 2021 bring you peace, may the trolls who plague your family feel shame, may democratic socialism fight back against the timid ambitious and greedy place-men politicians https://t.co/hsXmVjSc8A",AnnJohn30914404
232,2021-01-01 12:00:12+00:00,1344976718533185537,"1/ Honest question here. Why is there a political dichotomy between democracy and socialism in the US? One is a way of organising politically, the other economically. You can have democratic capitalism, despotic capitalism, democratic socialism, and fascist socialism, etc. How...",bananaheaded
233,2021-01-01 11:42:41+00:00,1344972308998459392,"2020 was the year socialism went mainstream. The dangerous ideology, which has failed everywhere it has been tried &amp; ruined countless lives, is on its way to becoming the default economic policy of the Democratic Party.This terrifying trend threatens the future of every American.",BarbaraPAuthor
234,2021-01-01 11:37:03+00:00,1344970891575214081,"@JLMMG @LLinWood @Abesmit99660733 @VP @Mike_Pence Do people realize that the likes of Gates, Soros, Zuckerberg,Bezos donate hundreds of millions of dollars to the Democratic party? Do you think they do this because they believe in socialism/redistribution of their wealth? If so, why would they need a new form of govt to do it?",ReneeMD5
235,2021-01-01 11:24:12+00:00,1344967659046244354,"Special mentions go to the Minecraft Nether update, Democratic Socialism Simulator, Lenna's Inception, Spring Falls, Signs of the Sojourner and an old title I did not expect to be enjoying this much as the year turned, Final Fantasy VIII.",alasdairDev
236,2021-01-01 11:21:11+00:00,1344966897343803392,"@mcuban It's so funny, when people talks about socialism. The question is, which of those people were ever out of the USA? Who was in those countries, there are speaking about. I'm pround to live in a democratic, socialistic and free land like germany.",AndreasRimpler
237,2021-01-01 10:37:28+00:00,1344955898054246400,"@Shirley56733062 @GeorgePapa19 What‚Äôs communism, Shirley? What‚Äôs socialism, social democracy, democratic socialism? Can you explain the difference, Shirley? How about authoritarianism? Fascism? Do you know what your buzzwords mean?",lifesafeast
238,2021-01-01 10:29:01+00:00,1344953771563102208,"@cantwait42021 @StitiousLittle @cathylanski @MSNBC @BeschlossDC You do realize that countries that have Democratic socialism of some kind are: England, Sweden, Norway, Finland, Japan, Germany, lots of other countries that are free societies with capitalism as well. It's not communism. Learn a little more to make a decision for yourself",shinylegendz
239,2021-01-01 10:20:35+00:00,1344951649702465537,"@jacobinmag Still remember the Orwell essay on Dickens. Orwell, who said everything he wrote was political and for Democratic Socialism, called Dickens a great writer with terrible politics because silent on politics. But it might be better to say Dickens didn't shout. He painted.",seanchouston
240,2021-01-01 09:57:22+00:00,1344945804260196352,@PfisterZero @thecynnik @FearlessoneIV @RrrileyRose @TiggsAKAClaudia @jaketapper No you don‚Äôt. You think because socialism was in the name that makes then socialist. I guess N Korea is Democratic since that‚Äôs in their name. Fk off ding bat.,myrablue
241,2021-01-01 09:47:24+00:00,1344943299023482883,"Apparently the Brexit deal is a shocker with LP MP's whipped to vote Yes. Many of said MP's are critical of the lack of protections to jobs. workers rights etc. A number of said MP's preferred the status quo to democratic socialism.   This was predictable, the signs were there.",roger_wilcox
242,2021-01-01 09:32:29+00:00,1344939543687004161,Dinesh D‚ÄôSouza on Trump Card Documentary &amp; Democratic Socialism https://t.co/HEXrQpGT0s via @YouTube https://t.co/MQvE2DafWV,tld62266018
243,2021-01-01 09:21:09+00:00,1344936690889199617,How would a transition to socialism (democratic workplaces) work globally? https://t.co/v0CYDtRznp,tecnorojo
244,2021-01-01 09:20:26+00:00,1344936510701899776,@HalfwayPost @realDonaldTrump Absolutely he deserves peace he deserves not to be attacked 24/7 relentless evil from the democratic socialism communist party! Absolutely Joe Biden will regret he ever became President,SusanCr10610119
245,2021-01-01 09:13:04+00:00,1344934655401762816,"I really saw a TikTok arguing that socialism is bad bc H!tler was a self proclaimed socialist?? H!tler was as much of a socialist as N0rth Korea is a democratic republic, can you read a fucking book next time oh my god",destineysother
246,2021-01-01 08:55:18+00:00,1344930186324709376,"@Uppish12 A combination of totalitarianism, social conservativism, anti-democratic/socialist sentiment, militaristic ultra-nationalism, and ethnic superiority. 

John Doyle is definitely conservative, anti-socialism and anti-democratic.",trkasunex
247,2021-01-01 08:46:52+00:00,1344928062656286721,"nearly 4/10ths of the economic power in the hands of morons and scumbags elected by a flawed democratic process, and no one else even within an order of magnitude of their spending power, wtf kind of leadership is that?

dangerously close to socialism imo",chr0n0kun
248,2021-01-01 08:40:38+00:00,1344926495488274438,"@CMCRET It starts with the mistaken premise of Democratic Party = socialism ( I would think that they would see a facist dictator type as worse than anything else, but gut sins reason it isn‚Äôt).  And then you add mistrust due to Bag of Pigs and Elian Gonzalez",canediver
249,2021-01-01 08:25:50+00:00,1344922771806183425,Realized today Trotsky repaired Democratic Socialism.,VaushVi
250,2021-01-01 08:17:44+00:00,1344920730316759042,"@spencemo_c @brianchastings @caroljsroth In the late 70s/early 80s, Reagan attacked Carter+Mondale socialist policies (e.g. Medicare).  In the 90s, the GOP did the same to Clinton on healthcare reform.

To say the GOP wouldn't attack Democratic policies as socialism if Bernie didn't exist is revisionist history.

2/2",NickMigs
251,2021-01-01 08:11:40+00:00,1344919202889682944,@redbuhll communism (at the core of its ideology) has never been practiced! socialism is a transitionary stage btwn the shift of capitalism to communism! the socialism you are probably asking about is democratic socialism! there‚Äôs a lot that goes with the ideology,blondeicarus
252,2021-01-01 07:50:23+00:00,1344913848113893376,"@Awesome_Guy_21 @LolaMotz @ksorbs I assume you oppose #socialism, so why not have the Scandinavian economic-model: social democracy, #capitalism with regulation, a social safety-net, and no ""money in politics"". Socialism: collective ownership of everything, except living beings, with an equal, democratic society.",Jonkong13
253,2021-01-01 07:37:50+00:00,1344910692558790657,"@jdkitkat129 @SK_OH_Vote_Blue @HawleyMO What regular Americans are calling for communism in this country?  Define socialism, then define communism. I can't wait to hear your reply. THEN define Democratic Socialism. (hint: that's what we're calling for)",LuckeeZombee
254,2021-01-01 07:10:53+00:00,1344903907798081536,@lioness60 @RepKinzinger If you actually knew anything about socialism (like actually educated yourself on it vs just regurgitate what you hear about it) you‚Äôd know that isn‚Äôt how Biden operates. But look up ‚Äúautocrat‚Äù as well‚Äîthat‚Äôs how trump operates and it‚Äôs worse than democratic socialism by far.,jgirl1010
255,2021-01-01 06:57:10+00:00,1344900454770069504,@daniismysister @CollinJoseph2 Its the stateless varint of socialism argued by people like Bakunin and Kropotkin versus the statists like Marx.  Its essentially democratic worker control that would be run bottom up through syndicates.  There was a revolution in Spain that implemented it.Lots you can read about,meganmcbrain
256,2021-01-01 06:55:27+00:00,1344900024677793793,"@peterjgowan #DSA are mostly white liberals aligned with the #DemocraticParty machine who pretend to be socialist.

They use socialism as a boutique philosophy and will never use any leverage to crush the machine of the ruling class.

#ForceTheVote",access_spotter
257,2021-01-01 06:23:14+00:00,1344891916534624256,"@catturd2 @nick_ingrassi De Blasio's parents were Communists.

Went to Nicaragua in the 80's and admired Soviet backed socialist Sandinista.

Joined the Nicaragua Solidarity Movement of New York who's goal was to end capitalism and replace it Democratic Socialism.

Married in 1994, honeymooned in Cuba.",TOSFALLA3
258,2021-01-01 06:09:46+00:00,1344888527880933376,@GOP @Perduesenate Democratic doesn‚Äôt equal Socialism!,audrawa_godfey
259,2021-01-01 06:09:25+00:00,1344888439569752065,"@gradaigh_kh @emre_mayo @Noahpinion the originator of the democratic socialist movement in Germany, Ferdinand Lassalle, wanted to ally with Bismark to establish socialism in Prussia

its always been there cuz socialism is hella undfeined",mutual_ayyde
260,2021-01-01 05:40:00+00:00,1344881034865876992,"@realDonaldTrump @POTUS ""Professors"" to our children in some of the finest Ivy league schools in our country.Yet, all one needs to do to understand that what they are calling 'Democratic Socialism' has, (&amp; in a VERY short amount of time) DECIMATED the once beautiful &amp; prosperous country of Venezuela tbc",LauraLe14750467
261,2021-01-01 05:39:52+00:00,1344881004729815041,"@emre_mayo @Noahpinion Easy to forget but democratic control of the economy was kinda what socialism meant before the USSR rebranded it as authoritarian states with centrally planned economies, and various offshoots of M-L decided whatever they were doing was the real socialism (or road to it)",gradaigh_kh
262,2021-01-01 05:28:10+00:00,1344878059279638528,"@TruJoshAnderson @ksorbs I mean socialism is a very broad concept, and ideas like democratic socialism just mean there's a strong safety net, but you still have capitalism, McDonald's, Starbucks, blah blah blah. Don't be so silly.",ClayShentrup
263,2021-01-01 05:15:08+00:00,1344874778335866883,@LeStinkyMonke @kromexstylez @realDonaldTrump Not saying Biden is a communist. But he has and is taking large sums of money from communist China. The CCP seeks to usher in socialism via the Democratic Party (and others). From there it will be just one step to full communism. I give it 7 years if Biden gets in. All  CCP plan,1morebeer2
264,2021-01-01 05:05:50+00:00,1344872438299967488,"@SeanPenn you do understand that socialism has never worked! That the premise of equity has never existed!, our Republic is NOT a Democracy, it does contain Democratic processes, but it was designed to last 1,000s of years. Read the Constitution be a legacy!!!",Patrickf042854
265,2021-01-01 04:53:52+00:00,1344869424986284035,"""Without big banks socialism would be impossible...our task here is merely to lop off what capitalistically mutilates this excellent apparatus, to make it even bigger, even more democratic, even more comprehensive."" - Lenin, Can the Bolsheviks Retain State Power?",IolaElla
266,2021-01-01 04:47:33+00:00,1344867835361726467,@sammyclaws12 @Ilozue716 @TheRealestSpoon @_Jack_W___ @CalTheReporter Yeah I guess lol. My actual ideology is quite complicated to explain so I usually just say Libertarian Socialism with a peaceful Social Democratic transitionary state,muffenboy2003
267,2021-01-01 04:47:04+00:00,1344867716419751936,"@realjuliasong Communism, socialism, and democratic socialism",KeeperTwB
268,2021-01-01 04:43:36+00:00,1344866843517882372,"@etherealtb @alicefood Have you been to The Pacific Northwest or ATX? 
There are plenty pushing Communism. 
Heard of DSA?

Europe has Socialist Policies like Canada and pay heavily in Taxes. Its not the same as ""Socialism"" that took root in China, Cuba, Cambodia, Vietnam, Venezuela, Eastern Europe, etc",Joseph77690111
269,2021-01-01 04:39:56+00:00,1344865922037682180,"@etherealtb @alicefood 3. Once there is true Communism after Socialism, there will be no such thing as ""Democratic Socialism"" as under Communism, once cannot serve 2 masters.
Pol Pot tried his Utopia and the people of Cambodia paid a heavy price",Joseph77690111
270,2021-01-01 04:36:36+00:00,1344865081612374016,"@mcuban @ericbolling  Like so many other American veteran patriots üá∫üá≤üá∫üá≤üá∫üá≤, we did not serve our country to see it destroyed from within by the corrupt media and Democratic party. This rigged and stolen election hurts our hearts. 
SOCIALISM HAS NEVER WORKED, ANYWHERE!",ajboudreau24
271,2021-01-01 04:28:25+00:00,1344863021282287616,"@thehill Surely McConnell knows the difference in Total Socialism and Democratic Socialism. But then, they are not bound to tell the truth are they?",Duchess_Linda
272,2021-01-01 04:23:18+00:00,1344861733098315777,@APMwho @BChappatta But you falling for ‚Äúdemocratic socialism‚Äù and needing everyone to know your pronouns makes you special?,TroyRubert
273,2021-01-01 04:16:15+00:00,1344859959444570113,"PFFFT.  Socialism is democratic control of the workplace.  In the US, the non-rich have democratic control of NOTHING. https://t.co/NS1UPmmRBc",birthpolitics
274,2021-01-01 04:13:55+00:00,1344859372648763394,"@Ezequiel121200 @ericbolling Democratic Socialism, not Communism.",CANUCKS86
275,2021-01-01 03:53:10+00:00,1344854150404829184,"@HawleyMO @marcorubio apparently you are part of a Democratic ploy to employ ""socialism for rich people"" as @senatemajldr declared. I think it's more you two have a heart something @senatemajldr aka millionaire Mitch doesn't have...please stand up to McConnell and for a vote.",cjac33
276,2021-01-01 03:42:09+00:00,1344851376891777026,"@StephenMolldrem @anarcaleb @PersonaToObject @posadist_trapgd They are redefining socialism, and it doesn't need to be redefined. Socialism is democratic. The democratic party isn't.",jonnysocialism
277,2021-01-01 03:33:35+00:00,1344849223603290112,"@AOC Make them live in public housing, on food stamps, with medicare for 30 days.

Everyone who doesn't is a sissy.

We should have democratic socialism on day 31.",YesShesGotMoxie
278,2021-01-01 03:31:55+00:00,1344848802558205952,WELCOME TO DEMOCRATIC SOCIALISM GOVERNOR...   Security changes made after intruder‚Äôs nap at Louisiana Governor‚Äôs Mansion https://t.co/jFjYUhnGZZ,Trichiemd
279,2021-01-01 03:29:21+00:00,1344848159302942720,"@mitchjolly1 @mrkaplanmusic @replouiegohmert So if you don't like a democratic vote declare civil war? You all need to study politics you can have responsible socialism, liberalism, or conservatism. You all seem to think socialism is communism. Love to know how many Rep's receive benefits which is a socialist trait.",jkroberts_j
280,2021-01-01 03:20:48+00:00,1344846006664503301,"@indianaboognish We've been less than tactical. The Pied Piper leads everyone to believe that the democratic are our only electoral option. While Green, Libertarian, and Socialism Worker Party candidates struggle to get into the debates.

Only ever vote for anti oligarchy, anti war candidates.",knutacious
281,2021-01-01 03:19:49+00:00,1344845756973395968,"@spencemo_c @caroljsroth Democratic socialist != USSR-style socialist. I‚Äôm almost positive Bernie has never advocated for full socialism. It‚Äôs reasonable to attack for bad policies, but dishonest to call them ‚Äúsocialist‚Äù IMO. Not that it‚Äôs surprising, they are also dishonest in many other ways.",brianchastings
282,2021-01-01 03:13:20+00:00,1344844127574265856,@dougallday @Kenny_Sowellfan @realDonaldTrump Democratic socialism doesn't impose controls on individuals. What happened in Venezuela was that Chavez used his popularity to seize power and then went about undermining and doing away with democracy. Dictatorships are never good whether they're socialist or not.,Jeff_operator
283,2021-01-01 03:08:42+00:00,1344842961759178753,"@lyntrus @MVP_040 @Hollywoodlandia @FoxNews They both work, as do their spouses. They don't want to come back because the US doesn't value it's people as much as it values violence. 

Democratic socialism seems to be working fine in the listed countries and the people are much happier, healthier and have better education.",KayArissa
284,2021-01-01 02:49:38+00:00,1344838163974512640,Dinesh D‚ÄôSouza on Trump Card Documentary &amp; Democratic Socialism https://t.co/DZhQi1MKJW via @YouTube,LauraLeeBordas
285,2021-01-01 02:33:57+00:00,1344834214747918336,"@sadfurbie @COHobbyGuy @TomiLahren Remember absolute power corrupts absolutely. That style of Democratic socialism, doesn‚Äôt have the safe guarantees we have under the constitution.",kevthor64
286,2021-01-01 02:30:25+00:00,1344833326796910594,@KellyOsbourne @FOXTV @NYEonFOX Gotta love a political agenda and  movement to convert a democratic nation to socialism!,harleymsu
287,2021-01-01 02:23:51+00:00,1344831675545608192,"@BritishConserv3 I believe so!
As long as the Democratic Party continues down the socialist path!
We all saw how countless rejected BIDEN‚ÄôS ‚Äúsocialism,‚Äù whose not even a socialist!
Imagine their rejection for an actual socialist!",AddisonReFollow
288,2021-01-01 02:15:17+00:00,1344829519417536513,"@_pem_pem At least in chile, democratic socialism is very closely tied to allende and his legacy",Fabrilo1
289,2021-01-01 02:14:05+00:00,1344829215196082176,"@UforUnited @Joel_Stuart @JonErlichman I want pure capitalism or democratic socialism.   Crooney capitalism we currently have, is not a free or fair market.  Trickle down economics are s proven failure.",RegisterdVoter
290,2021-01-01 02:12:37+00:00,1344828846726647808,"@GOP @Perduesenate I'd rather be a democratic socialist than a fascist who hates this country and democracy.
What we have now is socialism for the rich. 
#Fuckers 
#GOPSeditiousTraitors",Jamie1074
291,2021-01-01 02:11:10+00:00,1344828483239895041,"@zesilencedogood @SenSanders Damn, Democratic Socialism. For a person who ""portrays"" oneself as a follower or supporter of intellects you are clearly caught up in the fear of socialism in the U.S. üòÇüòÇüòÇ",OldmanMoultrie
292,2021-01-01 02:10:47+00:00,1344828386426855426,"Let me tell you something, the lack of empathy from this uncaring @senatemajldr will DRIVE HORDS OF INDEPENDENT VOTERS TOWARD #Socialism.  Democratic Socialism is the foundation of #Israel democracy, BTW.  #MitchIsAVeryBadMan https://t.co/4JG2e2cQEX",LisaPandone
293,2021-01-01 02:09:33+00:00,1344828073666097154,@chrisanic @realDonaldTrump Do you prefer that socialists change the #USA and the Constitution? Yes or No? I lived in Socialism and that's horrible. Because this current Democratic Party has many socialist. Are you socialist? üòÅ,pez_blaugrana
294,2021-01-01 02:03:19+00:00,1344826507248726016,@johnmcdonnellMP Top man John. So sad to see what the country has become. You and JC a whisker from government. Hopefully things will improve and democratic socialism will win in the end.,superted63
295,2021-01-01 01:45:38+00:00,1344822057565974529,"Together, we must help to educate this country. Here are some benefits to Democratic Socialism. https://t.co/z4dyk7JNk8",Purrrfect8
296,2021-01-01 01:45:01+00:00,1344821903207239682,"@jilevin Any one who is worried about Socialism, simply does not know what Socialism IS.  Americans benefit daily from so many #Democratic #Socialist programs... in more civilized nations #Healthcare is also part of that! ‚Äî but too much US tax money goes for bombs and jets and wars. https://t.co/bPX6Fb0XDK",Mikanojo
297,2021-01-01 01:35:55+00:00,1344819609199775745,@TheRealestSpoon Markets are valuable but that doesn‚Äôt mean we shouldn‚Äôt do social democracy or that democratic market socialism wouldn‚Äôt be ideal,BeBraveMyLoves
298,2021-01-01 01:28:15+00:00,1344817681988513794,@BernieSanders Democratic Socialism? üëáüèø https://t.co/J3v6IO3Bw8,jmp9999jmp
299,2021-01-01 01:27:08+00:00,1344817402849144833,"@ANGRYANDFIREDUP @JustbeReal7 @jcoop14 @SenSasse There was no evidence to support your deviated brain function over the past 4 years,but you did it anyway &amp; look where it got you :
a deeply divided nation,
communism &amp; socialism being ushered in on a silver platter &amp; a democratic party willing to CHEAT to turn the country sour!",SilverDollar48
300,2021-01-01 01:23:11+00:00,1344816404634218496,@DebbieC53028825 @zesilencedogood @SenSanders No they‚Äôre not.  Socialism always starts as democratic.   Take a history course son.,FootballCoach92
301,2021-01-01 01:17:44+00:00,1344815034111823874,"@SaulMagnusson @erinotoole Singh (lawyer) vs. Scheer (mock insurance broker). High education job vs. low education job. Democratic socialism vs. Trickle-Down Economics. Kind of goes against the narrative that the CPC is the party of the hard-working ""winners"" and the NDP is the party of the ""takers.""",dzoolander85
302,2021-01-01 01:14:32+00:00,1344814230709694464,"@myyperssona @__BigO__ Good point but communism sucks, but now they use the fear tactics on democratic socialism.  When of course the rich benefit the most from the socialist policies in place then they seem fine with it all the sudden ü§î",BooneWilkes
303,2021-01-01 01:14:15+00:00,1344814159439962112,@MehLibertarian A mixed economy isn't the same thing as socialism... you'd  think someone in the democratic socialist party would know that unless they're being dishonest,alconrad
304,2021-01-01 01:11:43+00:00,1344813519863242754,"At midnight, Bernie Sanders‚Äô starts aging in reverse, Benjamin Button style, ushering in 7 decades of pure democratic-socialism babyyy.",realbowman
305,2021-01-01 01:10:16+00:00,1344813157106077696,@shakeshackman My profile pic is the rose that stands for democratic socialism. What am I ordering?,CanadianC273
306,2021-01-01 01:08:16+00:00,1344812650820218880,@senatemajldr is a disgusting human. He has corrupted the democratic process to the point where it is now completely broken. The fucking gall to stand on the Senate floor and spout that $2000 dollar stimulus is ‚Äúsocialism for the rich.‚Äù It is time for his expulsion.,sheepthatroar
307,2021-01-01 00:57:44+00:00,1344810000313679872,"@McConnellPress @senatemajldr Democratic Socialism expands the power of individuals
The people do not have power over our Representatives; by empowering the people through Socialism, the citizens will take back control of our government

@senatemajldr opposes honest American Democracy

https://t.co/6iNc99aK70 https://t.co/KME9NyRjBD",secular_william
308,2021-01-01 00:53:05+00:00,1344808831180652544,@ericbolling Democratic socialism works rather well in many countries.,Cabeson
309,2021-01-01 00:47:57+00:00,1344807538878017538,@Ms_lOnelY_sOuL @stewdean @beans1776 @NYPostOpinion @nypost In my country Biden would be considered center right. But not at all socialist. And I am from democratic Western Europe... You Americans have no clue what socialism is.,miluk0611
310,2021-01-01 00:45:55+00:00,1344807029924376577,@ThomasHeskamp @Koolaidman841 @RepClayHiggins I like democratic socialism tell that to Trump supporter they only have a one track mind  print it and send it to those uneducated moron,JanetWash546
311,2021-01-01 00:38:23+00:00,1344805130881945600,"@senatemajldr calls 2,000 dollars socialism.   His single handed blocking of even letting a vote occur is called Communism.   He thinks he is a God, and he is blocking progress in America.  Get out of the way Mitch...lets have a democratic vote!  #stimulus #MitchMcConnell",Cantabrian3
312,2021-01-01 00:20:32+00:00,1344800640967602176,@tmoney_gaming @Hanzo76p @TheNYSocialist @Aviva133 Furthermore I do have more faith in the people. Why? We did have something called the Civil Rights Mvmt occur where the US were persuaded that separate but equal is anything but equal. It‚Äôs not about socialism or communism. It‚Äôs about Democratic Socialism which we already have.,angl0fredmption
313,2021-01-01 00:18:31+00:00,1344800131904724992,"@jec79 @maxfawcett Also, if true, then Max hasn‚Äôt read the Alberta NDP Constitution: ‚ÄúThe New Democratic Party believes that only a revolution in thinking can lead to the establishment of democratic socialism.‚Äù https://t.co/rKxRFMe80t",YYCJim
314,2021-01-01 00:13:09+00:00,1344798782987255808,"@AhNahChedz @stphil @Emene12 @jjmathieu1953 @briebriejoy No.. just no. Pelosi is laughing in the face of people who want Democratic socialism (despite being majorly popular) and you're gonna tell us to be mad at the GOP?

What if we had real leaders who cared about protecting America's health?",kixor
315,2021-01-01 00:09:23+00:00,1344797835276005376,Dinesh D‚ÄôSouza on Trump Card Documentary &amp; Democratic Socialism https://t.co/8QW9cEc3fV via @YouTube,GuancheCanario
316,2021-01-01 00:05:03+00:00,1344796743444164608,"@tornadosis06 No I‚Äôm saying Communism, National Socialism, Socialism, Marxism and now ‚ÄúDemocratic Socialism‚Äù are all the same shit fundamentally just with updated marketing strategies to trick dipshits again after the previous version collapses into starvation and genocide",WarlordAnon
317,2021-01-01 00:04:15+00:00,1344796544252473345,@LeftyBesty @DecaireRobert @NikkiHaley People in the US mistakenly define socialism as communism. Much like they define their government as democratic when in fact it's a republic.,det_jon_kimble
